rig,material_group,value_usd
AXIMA,MECHA,615447.7
AXIMA,ELEC,793962.43
AXIMA,ROT_MACH,300728.23
AXIMA,PAIN_COAT,151303.02
AXIMA,PPE,1364579.68
AXIMA,DRIL_HDLG,616961.91
AXIMA,DRIL_PMP,310181.73
AXIMA,VLV_PIPNG,77340.03
AXIMA,SMAL_TOOL,427130.99
AXIMA,DRIL_TDS,82737.0
AXIMA,DRIL_DRWK,16470.4
AXIMA,BOLTING,6911.32
AXIMA,DRIL_CTRL,325107.36
AXIMA,DRIL_MUD,131028.42
AXIMA,PIPING,240491.52
AXIMA,HDLG_LFTG,76916.79
AXIMA,DRIL_CEM,48396.72
AXIMA,NO MATERIAL,19344.43
AXIMA,WELL_CPL,750927.39
AXIMA,IT_TELCOM,14245.29
AXIMA,LUBRICANT,326214.88
AXIMA,DRIL_WAST,119435.58
AXIMA,PROCESS,25363.65
AXIMA,WELL_CHEM,3699.42
AXIMA,INSTRUM,30422.13
AXIMA,DRIL_SKID,4019.51
AXIMA,DRIL_HOIS,1989.33
AXIMA,HOUS_EQPT,9393.7
AXIMA,DRIL_TUB,19421.65
AXIMA,WELL_OCTG,0.0
AXIMA,DRIL_LOGG,113706.61
AXIMA,LABO,38132.25
AXIMA,SHE,19297.24
AXIMA,UTILITIES,84960.5
AXIMA,DRIL_CLN,1385.01
AXIMA,WELL_EXPL,23.8
AXIMA,OFF_EQPT,39340.54
AXIMA,CHEM_CONS,30251.2
AXIMA,MARINE,151.63
AXIMA,CHEM_STIM,5728.88
AXIMA,RAW,7047.81
AXIMA,VLV_INST,13792.57
AXIMA,DRIL_CUTT,1925.69
AXIMA,WELL_CEM,0.0
AXIMA,WELL_FISH,0.0
AXIMA,M300,11955.9
AXIMA,WELL_WHX,4854.15
AXIMA,WELL_ACTV,893.9
AXIMA,M500,54.58
AXIMA,CONS_RIG,0.0
AXIMA,M900,35.01
AXIMA,M800,0.0
AXIMA,M700,2705.6
AXIMA,M400,45.59
AXIMA,M600,0.0
BANBA,ELEC,381274.1
BANBA,HDLG_LFTG,191644.1
BANBA,MECHA,183756.86
BANBA,DRIL_CTRL,93293.26
BANBA,DRIL_DRWK,28065.01
BANBA,DRIL_PMP,95628.03
BANBA,BOLTING,5894.37
BANBA,VLV_PIPNG,32196.78
BANBA,DRIL_TDS,67156.57
BANBA,ROT_MACH,128218.01
BANBA,INSTRUM,61868.47
BANBA,LUBRICANT,75789.15
BANBA,PIPING,20243.98
BANBA,WELL_CHEM,703.62
BANBA,DRIL_SKID,12385.92
BANBA,DRIL_HDLG,119173.59
BANBA,HOUS_EQPT,314.61
BANBA,DRIL_CEM,19329.86
BANBA,DRIL_WAST,16572.04
BANBA,IT_TELCOM,979.6
BANBA,SMAL_TOOL,53606.45
BANBA,DRIL_MUD,73520.91
BANBA,PPE,132098.87
BANBA,UTILITIES,16421.32
BANBA,DRIL_CLN,4576.21
BANBA,MARINE,3555.62
BANBA,CHEM_CONS,5586.7
BANBA,VLV_INST,36483.72
BANBA,PROCESS,67263.09
BANBA,DRIL_LOGG,36704.77
BANBA,LABO,808.96
BANBA,RAW,0.03
BANBA,SHE,6706.84
BANBA,PAIN_COAT,590.61
BANBA,OFF_EQPT,3959.01
BANBA,WELL_CEM,1260.6
BANBA,WELL_CPL,126312.51
BANBA,NO MATERIAL,467799.43
BANBA,M300,8402.95
BANBA,M900,37.64
BANBA,CHEM_INTE,4031.61
BANBA,WELL_EXPL,15.6
BANBA,OIL,0.0
BANBA,M700,208.08
BANBA,M600,184.15
BANBA,M200,0.0
BANBA,CONS_RIG,32.02
BANBA,M800,0.0
BANBA,M500,46.2
NUADA,LUBRICANT,150787.64
NUADA,ROT_MACH,843933.67
NUADA,INSTRUM,240717.37
NUADA,DRIL_DRWK,87762.32
NUADA,DRIL_PMP,84290.03
NUADA,DRIL_CTRL,218230.11
NUADA,MECHA,324972.63
NUADA,DRIL_TDS,191574.62
NUADA,DRIL_HDLG,137733.12
NUADA,DRIL_MUD,26501.83
NUADA,VLV_PIPNG,49682.26
NUADA,PIPING,44102.89
NUADA,WELL_CHEM,9654.03
NUADA,ELEC,150905.95
NUADA,SMAL_TOOL,316420.08
NUADA,PROCESS,120380.69
NUADA,HDLG_LFTG,286585.04
NUADA,DRIL_WAST,2647.19
NUADA,DRIL_SKID,109386.01
NUADA,DRIL_CEM,9826.82
NUADA,WELL_CPL,72651.51
NUADA,BOLTING,8212.39
NUADA,IT_TELCOM,38592.13
NUADA,LABO,4748.88
NUADA,DRIL_HOIS,1761.61
NUADA,CHEM_CONS,2491.68
NUADA,UTILITIES,29560.97
NUADA,RAW,3834.51
NUADA,PAIN_COAT,41652.34
NUADA,PPE,369578.78
NUADA,SHE,21180.89
NUADA,MARINE,23104.42
NUADA,CHEM_INTE,3276.34
NUADA,OFF_EQPT,29506.73
NUADA,DRIL_HULL,14000.0
NUADA,WELL_WHX,1419.3
NUADA,HOUS_EQPT,18610.26
NUADA,VLV_INST,19302.95
NUADA,DRIL_LOGG,4693.43
NUADA,INFIRMARY,24325.4
NUADA,DRIL_TUB,976.81
NUADA,DRIL_CLN,53880.0
LUG,PIPING,83777.2
LUG,CONS_RIG,12905.06
LUG,DRIL_DRWK,299.5
LUG,M300,20784.49
LUG,DRIL_HDLG,97559.5
LUG,MECHA,99985.48
LUG,DRIL_CTRL,22990.81
LUG,ROT_MACH,68257.25
LUG,DRIL_PMP,175453.19
LUG,SMAL_TOOL,50548.02
LUG,BOLTING,31137.8
LUG,VLV_PIPNG,71696.61
LUG,NO MATERIAL,195690.49
LUG,DRIL_MUD,25426.88
LUG,DRIL_CEM,4225.14
LUG,WELL_CPL,145501.41
LUG,PROCESS,23535.0
LUG,DRIL_TDS,63329.27
LUG,DRIL_LOGG,56868.79
LUG,M900,50963.34
LUG,LABO,160.79
LUG,M400,2355.7
LUG,M700,804.6
LUG,ELEC,11006.65
LUG,UTILITIES,9152.62
LUG,PPE,153559.61
LUG,DRIL_HULL,0.0
LUG,HDLG_LFTG,160953.45
LUG,M200,0.0
LUG,OIL,0.0
LUG,LUBRICANT,17522.62
LUG,VLV_INST,4742.4
LUG,M600,39.06
LUG,M800,2929.4
LUG,SHE,11791.04
LUG,INSTRUM,22652.9
LUG,DRIL_WAST,1162.88
LUG,M500,807.03
LUG,MECA_YARD,0.0
LUG,DRIL_CLN,45922.5
LUG,IT_TELCOM,12883.29
LUG,DRIL_HOIS,1922.26
MIDIR,DRIL_PMP,261854.34
MIDIR,DRIL_CTRL,56444.82
MIDIR,VLV_PIPNG,41339.97
MIDIR,DRIL_TDS,204987.52
MIDIR,BOLTING,716.59
MIDIR,DRIL_HDLG,176451.99
MIDIR,MECHA,77306.17
MIDIR,SMAL_TOOL,13686.06
MIDIR,PIPING,26847.81
MIDIR,ROT_MACH,301270.03
MIDIR,HDLG_LFTG,11390.97
MIDIR,WELL_CHEM,194.65
MIDIR,DRIL_DRWK,1911.81
MIDIR,DRIL_TUB,16494.26
MIDIR,DRIL_LOGG,11074.08
MIDIR,LUBRICANT,26332.26
MIDIR,DRIL_CEM,3701.51
MIDIR,DRIL_WAST,5004.36
MIDIR,DRIL_MUD,31504.72
MIDIR,ELEC,80952.56
MIDIR,INSTRUM,5149.9
MIDIR,DRIL_HOIS,56396.6
MIDIR,PPE,22453.18
MIDIR,WELL_CPL,262.72
MIDIR,PAIN_COAT,104.65
MIDIR,WELL_WHX,486.46
MIDIR,VEHICLE,1562.74
MIDIR,DRIL_SKID,18745.74
MIDIR,IT_TELCOM,1055.6
MIDIR,VLV_INST,299.63
MIDIR,HOUS_EQPT,119.56
MIDIR,UTILITIES,534.24
DRAVUS,WELL_CPL,55212.99
DRAVUS,DRIL_LOGG,83369.35
DRAVUS,DRIL_MUD,69240.05
DRAVUS,ROT_MACH,122690.56
DRAVUS,WELL_CHEM,3511.62
DRAVUS,DRIL_PMP,119416.11
DRAVUS,MECHA,69375.92
DRAVUS,DRIL_WAST,20348.76
DRAVUS,ELEC,13279.93
DRAVUS,DRIL_HDLG,59932.03
DRAVUS,PIPING,1979.67
DRAVUS,LABO,5881.36
DRAVUS,WELL_EXPL,13.0
DRAVUS,INSTRUM,12551.44
DRAVUS,LUBRICANT,17546.62
DRAVUS,DRIL_TDS,42310.44
DRAVUS,DRIL_CEM,21908.12
DRAVUS,HDLG_LFTG,79260.88
DRAVUS,RAW,6478.13
DRAVUS,DRIL_CTRL,50564.24
DRAVUS,DRIL_DRWK,219.37
DRAVUS,VLV_PIPNG,4891.14
DRAVUS,MECA_YARD,111.38
DRAVUS,BOLTING,782.39
DRAVUS,SMAL_TOOL,26544.34
DRAVUS,DRIL_TUB,44482.3
DRAVUS,DRIL_HOIS,5400.13
DRAVUS,NO MATERIAL,74399.23
DRAVUS,M400,10206.07
DRAVUS,M700,1406.07
DRAVUS,PROCESS,5726.67
DRAVUS,M900,561.81
DRAVUS,OIL,2133.47
DRAVUS,M300,3770.68
